{
  "BASE_URL": "https://v-suresh.adm.aamc.org:8443",
  "APP_URL": "https://v-suresh.adm.aamc.org:8443",
  "SERVICE_URL": "https://v-suresh.adm.aamc.org:8443/mcat-reg-service",
  "LOGIN_URL":"https://apps.staging.aamc.org/account/#/login",
  "LOGOUT_URL":"https://apps.staging.aamc.org/account/#/logout",
  "AUTH_SERVICE_URL": "https://apps.staging.aamc.org/auth-service",
  "SRS_CONTACT_NUMBER": "202-862-6273",
  "ACCOUNT_MANAGER_URL": "https://apps.staging.aamc.org/account/#/my-info/account",
  "SERVICES_URL": "https://services.staging.aamc.org",
  "OPENAM_BASE_URL": "/openam",
  "STAKES_LVL": "true",
  "APP_CODE": "MCAT-MRS",
  "SERVICE_PROXY": "https://apps.staging.aamc.org",
  "RESERVATION_SERVICE_URL": "mcat-reservation-service",
  "UPGRADE_URL": "https://apps.staging.aamc.org/account/#/user/personal?mode=UPGRADE"
}